{
    "classroom": {
        "guid": "382c74c3-721d-4f34-80e5-57657b6cbc27",
        "teacherID": "",
        "teacherName": "",
        "className": "",
        "classDescription": "",
        "origin": {
            "x": 16,
            "y": 5,
            "z": 16
        },
        "volume": {
            "x": 20,
            "y": 10,
            "z": 20
        },
        "autojoin": true,
        "capacity": "20",
        "duration": "60",
        "seatingEnabled": true,
        "students": []
    }
}